element,min_wvl,max_wvl
IRUV1,240.811,246
IRUV2,338.457,340.797
IRVIS1,382.13812,387.85901
IRVNIR1,473.1842,492.42654
IRVNIR2,849.29486,905.6
